site_id,orf_id,gene_name,residue_type,residue_position,methylation_type,detection_method,validation_type,methyltransferase,confidence_score,source_id
MS001,YJR076C,CDC11,R,35,di,FindMod,comp.,null,null,SRC001
MS002,YLL034C,ECM29,R,542,mono,FindMod,comp.,null,null,SRC001
MS003,YLL034C,ECM29,R,1112,di,FindMod,comp.,null,null,SRC001
MS004,YBL071C,EDE1,R,252,mono,FindMod,comp.,null,null,SRC001
MS005,YLR390W,FKS1,R,946,mono,FindMod,comp.,null,null,SRC001
MS006,YLR390W,FKS1,R,946,di,FindMod,comp.,null,null,SRC001
MS007,YLR390W,FKS1,R,952,di,FindMod,comp.,null,null,SRC001
MS008,YLR390W,FKS1,R,962,mono,FindMod,comp.,null,null,SRC001
MS009,YLR390W,FKS1,R,962,di,FindMod,comp.,null,null,SRC001
MS010,YLR390W,FKS1,R,1527,di,FindMod,comp.,null,null,SRC001
MS011,YAL056W,GCD10,R,447,mono,FindMod,comp.,null,null,SRC001
MS012,YGL245W,GUS1,R,371,mono,FindMod,comp.,null,null,SRC001
MS013,YLR432W,IMD3,R,168,mono,FindMod,comp.,null,null,SRC001
MS014,YHR156C,LEA1,R,141,di,FindMod,comp.,null,null,SRC001
MS015,YPL093W,NOG2,R,336,di,FindMod,comp.,null,null,SRC001
MS016,YPR072W,NOT1,R,256,mono,FindMod,comp.,null,null,SRC001
MS017,YOR361C,PRT1,R,572,mono,FindMod,comp.,null,null,SRC001
MS018,YCL004W,PSD2,R,252,mono,FindMod,comp.,null,null,SRC001
MS019,YAL038W,PYK1,R,216,mono,FindMod,comp.,null,null,SRC001
MS020,YAL038W,PYK1,R,216,di,FindMod,comp.,null,null,SRC001
MS021,YOR151C,RPB2,R,496,mono,FindMod,comp.,null,null,SRC001
MS022,YOL120C,RPL18A,R,105,mono,FindMod,comp.,null,null,SRC001
MS023,YHR010W,RPL27A,R,15,di,FindMod,comp.,null,null,SRC001
MS024,YGL031C,RPL2A,R,21,di,FindMod,comp.,null,null,SRC001
MS025,YOR063W,RPL3,R,275,mono,FindMod,comp.,null,null,SRC001
MS026,YBR031W,RPL4A,R,84,di,FindMod,comp.,null,null,SRC001
MS027,YGL076C,RPL7A,R,218,mono,FindMod,comp.,null,null,SRC001
MS028,YPL198W,RPL7B,R,218,mono,FindMod,comp.,null,null,SRC001
MS029,YDR025W,RPS11A,R,67,mono,FindMod,comp.,null,null,SRC001
MS030,YMR229C,RRP5,R,215,di,FindMod,comp.,null,null,SRC001
MS031,YMR075W,RSC1,R,454,mono,FindMod,comp.,null,null,SRC001
MS032,YHL025W,RSC30,R,692,mono,FindMod,comp.,null,null,SRC001
MS033,YDL229W,SSB1,R,513,di,FindMod,comp.,null,null,SRC001
MS034,YNL209W,SSB2,R,513,di,FindMod,comp.,null,null,SRC001
MS035,YGR192C,TDH3,R,11,di,FindMod,comp.,null,null,SRC001
MS036,YML085C,TUB2,R,318,di,FindMod,comp.,null,null,SRC001
MS037,YOR089C,VPS52,R,224,mono,FindMod,comp.,null,null,SRC001
MS038,YMR284W,YKU70,R,549,di,FindMod,comp.,null,null,SRC001
MS039,YOL139C,CDC33,R,null,null,LC-MS/MS,exp.,null,40,SRC002
MS040,YLR216C,CPR6,R,null,null,LC-MS/MS,exp.,null,47,SRC002
MS041,YHR146W,CRP1,R,null,null,LC-MS/MS,exp.,null,55,SRC002
MS042,YOR204W,DED1,R,null,null,LC-MS/MS,exp.,null,85,SRC002
MS043,YHR068W,DYS1,R,null,null,LC-MS/MS,exp.,null,63,SRC002
MS044,YGR254W,ENO1,R,null,null,LC-MS/MS,exp.,null,71,SRC002
MS045,YHR174W,ENO2,R,null,null,LC-MS/MS,exp.,null,129,SRC002
MS046,YMR186W,HSC82,R,null,null,LC-MS/MS,exp.,null,73,SRC002
MS047,YML056C,IMD4,R,null,null,LC-MS/MS,exp.,null,98,SRC002
MS048,YGL245W,GUS1,R,null,null,LC-MS/MS,exp.,null,100,SRC002
MS049,YDL051W,LHP1,R,null,null,LC-MS/MS,exp.,null,88,SRC002
MS050,YIL070C,MAM33,R,null,null,LC-MS/MS,exp.,null,58,SRC002
MS051,YOR298C-A,MBF1,R,null,null,LC-MS/MS,exp.,null,44,SRC002
MS052,YKL009W,MRT4,R,null,null,LC-MS/MS,exp.,null,45,SRC002
MS053,YKR048C,NAP1,R,null,null,LC-MS/MS,exp.,null,38,SRC002
MS054,YPR052C,NHP6A,R,null,null,LC-MS/MS,exp.,null,43,SRC002
MS055,YBR089C-A,NHP6B,R,null,null,LC-MS/MS,exp.,null,68,SRC002
MS056,YDL014W,NOP1,R,null,null,LC-MS/MS,exp.,null,257,SRC002
MS057,YDL213C,NOP6,R,null,null,LC-MS/MS,exp.,null,95,SRC002
MS058,YGR159C,NSR1,R,null,null,LC-MS/MS,exp.,null,52,SRC002
MS059,YER165W,PAB1,R,null,null,LC-MS/MS,exp.,null,101,SRC002
MS060,YCR012W,PGK1,R,null,null,LC-MS/MS,exp.,null,72,SRC002
MS061,YOR361C,PRT1,R,null,null,LC-MS/MS,exp.,null,48,SRC002
MS062,YLR196W,PWP1,R,null,null,LC-MS/MS,exp.,null,42,SRC002
MS063,YCR028C-A,RIM1,R,null,null,LC-MS/MS,exp.,null,46,SRC002
MS064,YPR102C,RPL11A,R,null,null,LC-MS/MS,exp.,null,69,SRC002
MS065,YDL082W,RPL13A,R,null,null,LC-MS/MS,exp.,null,61,SRC002
MS066,YLR061W,RPL22A,R,null,null,LC-MS/MS,exp.,null,134,SRC002
MS067,YFL034C-A,RPL22B,R,null,null,LC-MS/MS,exp.,null,59,SRC002
MS068,YLR344W,RPL26A,R,null,null,LC-MS/MS,exp.,null,47,SRC002
MS069,YGL030W,RPL30,R,null,null,LC-MS/MS,exp.,null,163,SRC002
MS070,YDL075W,RPL31A,R,null,null,LC-MS/MS,exp.,null,55,SRC002
MS071,YLR325C,RPL38,R,null,null,LC-MS/MS,exp.,null,47,SRC002
MS072,YPL131W,RPL5,R,null,null,LC-MS/MS,exp.,null,102,SRC002
MS073,YLR448W,RPL6B,R,null,null,LC-MS/MS,exp.,null,167,SRC002
MS074,YLL045C,RPL8B,R,null,null,LC-MS/MS,exp.,null,208,SRC002
MS075,YLR340W,RPP0,R,null,null,LC-MS/MS,exp.,null,135,SRC002
MS076,YDL130W,RPP1B,R,null,null,LC-MS/MS,exp.,null,100,SRC002
MS077,YDR382W,RPP2B,R,null,null,LC-MS/MS,exp.,null,87,SRC002
MS078,YOL121C,RPS19A,R,null,null,LC-MS/MS,exp.,null,85,SRC002
MS079,YJL190C,RPS22A,R,null,null,LC-MS/MS,exp.,null,170,SRC002
MS080,YOR167C,RPS28A,R,null,null,LC-MS/MS,exp.,null,45,SRC002
MS081,YJR123W,RPS5,R,null,null,LC-MS/MS,exp.,null,108,SRC002
MS082,YOR096W,RPS7A,R,null,null,LC-MS/MS,exp.,null,55,SRC002
MS083,YMR131C,RRB1,R,null,null,LC-MS/MS,exp.,null,115,SRC002
MS084,YMR229C,RRP5,R,null,null,LC-MS/MS,exp.,null,57,SRC002
MS085,YHL034C,SBP1,R,null,null,LC-MS/MS,exp.,null,58,SRC002
MS086,YBR263W,SHM1,R,null,null,LC-MS/MS,exp.,null,169,SRC002
MS087,YDL229W,SSB1,R,null,null,LC-MS/MS,exp.,null,501,SRC002
MS088,YNL209W,SSB2,R,null,null,LC-MS/MS,exp.,null,484,SRC002
MS089,YJR045C,SSC1,R,null,null,LC-MS/MS,exp.,null,82,SRC002
MS090,YPL106C,SSE1,R,null,null,LC-MS/MS,exp.,null,43,SRC002
MS091,YMR146C,TIF34,R,null,null,LC-MS/MS,exp.,null,43,SRC002
MS092,YEL020W-A,TIM9,R,null,null,LC-MS/MS,exp.,null,83,SRC002
MS093,YKL107W,YKL107W,R,null,null,LC-MS/MS,exp.,null,48,SRC002
MS094,YDR381W,YRA1,R,null,null,LC-MS/MS,exp.,null,53,SRC002
MS095,YNL245C,GAR1,R,null,null,Targeted MS,exp.,Hmt1p,null,SRC003
MS096,YDL014W,NOP1,R,null,null,Targeted MS,exp.,Hmt1p,null,SRC003
MS097,YDR432W,NPL3,R,null,null,Targeted MS,exp.,Hmt1p,null,SRC003
MS098,YGR159C,NSR1,R,null,null,Targeted MS,exp.,Hmt1p,null,SRC003
MS099,YGL026C,RPS2,R,null,null,Targeted MS,exp.,Hmt1p,null,SRC003